<PAMDataset>
  <SRS>PROJCS[&quot;Polar_Stereographic&quot;,GEOGCS[&quot;Sphere&quot;,DATUM[&quot;&lt;custom&gt;&quot;,SPHEROID[&quot;&lt;custom&gt;&quot;,6371200.0,0.0]],PRIMEM[&quot;Greenwich&quot;,0.0],UNIT[&quot;Degree&quot;,0.0174532925199433]],PROJECTION[&quot;Polar_Stereographic&quot;],PARAMETER[&quot;False_Easting&quot;,0.0],PARAMETER[&quot;False_Northing&quot;,0.0],PARAMETER[&quot;Central_Meridian&quot;,-105.0],PARAMETER[&quot;latitude_of_origin&quot;,60.0],UNIT[&quot;Meter&quot;,1.0]]</SRS>
  <Metadata domain="Esri">
    <MDI key="PyramidResamplingType">NEAREST</MDI>
  </Metadata>
  <PAMRasterBand band="1">
    <Description>grid_harp</Description>
  </PAMRasterBand>
</PAMDataset>
