<PAMDataset>
  <SRS>PROJCS[&quot;USA_Contiguous_Albers_Equal_Area_Conic_USGS_version&quot;,GEOGCS[&quot;GCS_North_American_1983&quot;,DATUM[&quot;D_North_American_1983&quot;,SPHEROID[&quot;GRS_1980&quot;,6378137.0,298.257222101]],PRIMEM[&quot;Greenwich&quot;,0.0],UNIT[&quot;Degree&quot;,0.0174532925199433]],PROJECTION[&quot;Albers&quot;],PARAMETER[&quot;False_Easting&quot;,0.0],PARAMETER[&quot;False_Northing&quot;,0.0],PARAMETER[&quot;Central_Meridian&quot;,-96.0],PARAMETER[&quot;Standard_Parallel_1&quot;,29.5],PARAMETER[&quot;Standard_Parallel_2&quot;,45.5],PARAMETER[&quot;Latitude_Of_Origin&quot;,23.0],UNIT[&quot;Meter&quot;,1.0]]</SRS>
  <Metadata>
    <MDI key="DataType">Generic</MDI>
  </Metadata>
  <Metadata domain="Esri">
    <MDI key="PyramidResamplingType">NEAREST</MDI>
  </Metadata>
  <PAMRasterBand band="1">
    <NoDataValue le_hex_equiv="000000E0FFFFEFC7">-3.40282346638529E+038</NoDataValue>
  </PAMRasterBand>
</PAMDataset>
