<PAMDataset>
  <SRS>GEOGCS[&quot;Sphere&quot;,DATUM[&quot;&lt;custom&gt;&quot;,SPHEROID[&quot;&lt;custom&gt;&quot;,6371200.0,0.0]],PRIMEM[&quot;Greenwich&quot;,0.0],UNIT[&quot;Degree&quot;,0.0174532925199433]]</SRS>
  <Metadata>
    <MDI key="DataType">Generic</MDI>
  </Metadata>
  <Metadata domain="Esri">
    <MDI key="PyramidResamplingType">NEAREST</MDI>
  </Metadata>
  <PAMRasterBand band="1">
    <NoDataValue le_hex_equiv="000000E0FFFFEFC7">-3.40282346638529E+038</NoDataValue>
  </PAMRasterBand>
</PAMDataset>
