<?xml version="1.0" encoding="UTF-8"?>
<metadata xml:lang="ko"><Esri><CreaDate>20140430</CreaDate><CreaTime>05200700</CreaTime><ArcGISFormat>1.0</ArcGISFormat><ArcGISstyle>North American Profile of ISO19115 2003</ArcGISstyle><SyncOnce>FALSE</SyncOnce><DataProperties><lineage><Process ToolSource="c:\program files\arcgis\desktop10.1\ArcToolbox\Toolboxes\Conversion Tools.tbx\ASCIIToRaster" Date="20140430" Time="052007">ASCIIToRaster D:\radar_project\cho215_project\program_georeferencing\HRAPGrid/ascii_08062005_23z_OH.asc D:\radar_project\cho215_project\program_georeferencing\SHGGrid\grid_harp FLOAT</Process><Process ToolSource="c:\program files\arcgis\desktop10.1\ArcToolbox\Toolboxes\Data Management Tools.tbx\DefineProjection" Date="20140430" Time="052007">DefineProjection D:\radar_project\cho215_project\program_georeferencing\SHGGrid\grid_harp PROJCS['Polar_Stereographic',GEOGCS['Sphere',DATUM['&lt;custom&gt;',SPHEROID['&lt;custom&gt;',6371200.0,0.0]],PRIMEM['Greenwich',0.0],UNIT['Degree',0.0174532925199433]],PROJECTION['Stereographic_North_Pole'],PARAMETER['False_Easting',0.0],PARAMETER['False_Northing',0.0],PARAMETER['Central_Meridian',-105.0],PARAMETER['Standard_Parallel_1',60.0],UNIT['Meter',1.0]]</Process><Process ToolSource="c:\program files\arcgis\desktop10.1\ArcToolbox\Toolboxes\Data Management Tools.tbx\ProjectRaster" Date="20140430" Time="052009">ProjectRaster D:\radar_project\cho215_project\program_georeferencing\SHGGrid\grid_harp D:\radar_project\cho215_project\program_georeferencing\SHGGrid\grid_harp_gcs GEOGCS['Sphere',DATUM['&lt;custom&gt;',SPHEROID['&lt;custom&gt;',6371200.0,0.0]],PRIMEM['Greenwich',0.0],UNIT['Degree',0.0174532925199433]] NEAREST 5.50460600775085E-02 # # PROJCS['Polar_Stereographic',GEOGCS['Sphere',DATUM['&lt;custom&gt;',SPHEROID['&lt;custom&gt;',6371200.0,0.0]],PRIMEM['Greenwich',0.0],UNIT['Degree',0.0174532925199433]],PROJECTION['Stereographic_North_Pole'],PARAMETER['False_Easting',0.0],PARAMETER['False_Northing',0.0],PARAMETER['Central_Meridian',-105.0],PARAMETER['Standard_Parallel_1',60.0],UNIT['Meter',1.0]]</Process></lineage><itemProps><itemName Sync="TRUE">grid_harp_gcs</itemName><itemLocation><linkage Sync="TRUE">file://D:\radar_project\cho215_project\program_georeferencing\SHGGrid\grid_harp_gcs</linkage><protocol Sync="TRUE">Local Area Network</protocol></itemLocation><imsContentType Sync="TRUE">002</imsContentType><nativeExtBox><westBL Sync="TRUE">-91.347697</westBL><eastBL Sync="TRUE">-75.494432</eastBL><southBL Sync="TRUE">33.267630</southBL><northBL Sync="TRUE">45.708040</northBL><exTypeCode Sync="TRUE">1</exTypeCode></nativeExtBox></itemProps><coordRef><type Sync="TRUE">Geographic</type><geogcsn Sync="TRUE">GCS_Sphere</geogcsn><csUnits Sync="TRUE">Angular Unit: Degree (0.017453)</csUnits><peXml Sync="TRUE">&lt;GeographicCoordinateSystem xsi:type='typens:GeographicCoordinateSystem' xmlns:xsi='http://www.w3.org/2001/XMLSchema-instance' xmlns:xs='http://www.w3.org/2001/XMLSchema' xmlns:typens='http://www.esri.com/schemas/ArcGIS/10.1'&gt;&lt;WKT&gt;GEOGCS[&amp;quot;GCS_Sphere&amp;quot;,DATUM[&amp;quot;D_custom&amp;quot;,SPHEROID[&amp;quot;custom&amp;quot;,6371200.0,0.0]],PRIMEM[&amp;quot;Greenwich&amp;quot;,0.0],UNIT[&amp;quot;Degree&amp;quot;,0.0174532925199433]]&lt;/WKT&gt;&lt;XOrigin&gt;-400&lt;/XOrigin&gt;&lt;YOrigin&gt;-400&lt;/YOrigin&gt;&lt;XYScale&gt;11258999068426.238&lt;/XYScale&gt;&lt;ZOrigin&gt;-100000&lt;/ZOrigin&gt;&lt;ZScale&gt;10000&lt;/ZScale&gt;&lt;MOrigin&gt;-100000&lt;/MOrigin&gt;&lt;MScale&gt;10000&lt;/MScale&gt;&lt;XYTolerance&gt;8.9929337507977026e-009&lt;/XYTolerance&gt;&lt;ZTolerance&gt;0.001&lt;/ZTolerance&gt;&lt;MTolerance&gt;0.001&lt;/MTolerance&gt;&lt;HighPrecision&gt;true&lt;/HighPrecision&gt;&lt;LeftLongitude&gt;-180&lt;/LeftLongitude&gt;&lt;/GeographicCoordinateSystem&gt;</peXml></coordRef><RasterProperties><General><PixelDepth Sync="TRUE">32</PixelDepth><HasColormap Sync="TRUE">FALSE</HasColormap><CompressionType Sync="TRUE">None</CompressionType><NumBands Sync="TRUE">1</NumBands><Format Sync="TRUE">GRID</Format><HasPyramids Sync="TRUE">TRUE</HasPyramids><SourceType Sync="TRUE">continuous</SourceType><PixelType Sync="TRUE">floating point</PixelType><NoDataValue Sync="TRUE">-3.4028235e+038</NoDataValue></General></RasterProperties></DataProperties><SyncDate>20140430</SyncDate><SyncTime>05200900</SyncTime><ModDate>20140430</ModDate><ModTime>05200900</ModTime></Esri><dataIdInfo><envirDesc Sync="TRUE">Microsoft Windows XP Version 5.1 (Build 2600) Service Pack 3; Esri ArcGIS 10.1.0.3035</envirDesc><dataLang><languageCode value="ko" Sync="TRUE"></languageCode><countryCode value="KR" Sync="TRUE"></countryCode></dataLang><idCitation><resTitle Sync="TRUE">grid_harp_gcs</resTitle><presForm><PresFormCd value="005" Sync="TRUE"></PresFormCd></presForm></idCitation><spatRpType><SpatRepTypCd value="002" Sync="TRUE"></SpatRepTypCd></spatRpType><dataExt><geoEle><GeoBndBox esriExtentType="search"><exTypeCode Sync="TRUE">1</exTypeCode><westBL Sync="TRUE">-91.347697</westBL><eastBL Sync="TRUE">-75.494432</eastBL><northBL Sync="TRUE">45.708040</northBL><southBL Sync="TRUE">33.267630</southBL></GeoBndBox></geoEle></dataExt></dataIdInfo><mdLang><languageCode value="ko" Sync="TRUE"></languageCode><countryCode value="KR" Sync="TRUE"></countryCode></mdLang><mdChar><CharSetCd value="004" Sync="TRUE"></CharSetCd></mdChar><distInfo><distFormat><formatName Sync="TRUE">Raster Dataset</formatName></distFormat></distInfo><mdHrLv><ScopeCd value="005" Sync="TRUE"></ScopeCd></mdHrLv><mdHrLvName Sync="TRUE">dataset</mdHrLvName><refSysInfo><RefSystem><refSysID><identCode code="0" Sync="TRUE"></identCode></refSysID></RefSystem></refSysInfo><spatRepInfo><Georect><cellGeo><CellGeoCd Sync="TRUE" value="002"></CellGeoCd></cellGeo><numDims Sync="TRUE">2</numDims><tranParaAv Sync="TRUE">1</tranParaAv><chkPtAv Sync="TRUE">0</chkPtAv><cornerPts><pos Sync="TRUE">-91.347697 33.267630</pos></cornerPts><cornerPts><pos Sync="TRUE">-91.347697 45.708040</pos></cornerPts><cornerPts><pos Sync="TRUE">-75.494432 45.708040</pos></cornerPts><cornerPts><pos Sync="TRUE">-75.494432 33.267630</pos></cornerPts><centerPt><pos Sync="TRUE">-83.421065 39.487835</pos></centerPt><axisDimension type="002"><dimSize Sync="TRUE">288</dimSize><dimResol><value Sync="TRUE" uom="Degree">0.055046</value></dimResol></axisDimension><axisDimension type="001"><dimSize Sync="TRUE">226</dimSize><dimResol><value Sync="TRUE" uom="Degree">0.055046</value></dimResol></axisDimension><ptInPixel><PixOrientCd Sync="TRUE" value="001"></PixOrientCd></ptInPixel></Georect></spatRepInfo><contInfo><ImgDesc><contentTyp><ContentTypCd Sync="TRUE" value="003"></ContentTypCd></contentTyp><covDim><Band><dimDescrp Sync="TRUE">Band_1</dimDescrp><maxVal Sync="TRUE">116.239998</maxVal><minVal Sync="TRUE">0.000000</minVal><bitsPerVal Sync="TRUE">32</bitsPerVal><valUnit><UOM type="length"></UOM></valUnit></Band></covDim></ImgDesc></contInfo><mdDateSt Sync="TRUE">20140430</mdDateSt></metadata>
