<?xml version="1.0" encoding="UTF-8"?>
<metadata xml:lang="ko"><Esri><CreaDate>20140430</CreaDate><CreaTime>05200700</CreaTime><ArcGISFormat>1.0</ArcGISFormat><ArcGISstyle>North American Profile of ISO19115 2003</ArcGISstyle><SyncOnce>TRUE</SyncOnce><DataProperties><lineage><Process ToolSource="c:\program files\arcgis\desktop10.1\ArcToolbox\Toolboxes\Conversion Tools.tbx\ASCIIToRaster" Date="20140430" Time="052007">ASCIIToRaster D:\radar_project\cho215_project\program_georeferencing\HRAPGrid/ascii_08062005_23z_OH.asc D:\radar_project\cho215_project\program_georeferencing\SHGGrid\grid_harp FLOAT</Process><Process ToolSource="c:\program files\arcgis\desktop10.1\ArcToolbox\Toolboxes\Data Management Tools.tbx\DefineProjection" Date="20140430" Time="052007">DefineProjection D:\radar_project\cho215_project\program_georeferencing\SHGGrid\grid_harp PROJCS['Polar_Stereographic',GEOGCS['Sphere',DATUM['&lt;custom&gt;',SPHEROID['&lt;custom&gt;',6371200.0,0.0]],PRIMEM['Greenwich',0.0],UNIT['Degree',0.0174532925199433]],PROJECTION['Stereographic_North_Pole'],PARAMETER['False_Easting',0.0],PARAMETER['False_Northing',0.0],PARAMETER['Central_Meridian',-105.0],PARAMETER['Standard_Parallel_1',60.0],UNIT['Meter',1.0]]</Process></lineage></DataProperties></Esri></metadata>
